{"cameraMode":{"drawMode":0,"name":"Shaded","section":"Shading Mode"},"sceneLighting":true,"audioPlay":false,"sceneViewState":{"showFog":true,"showMaterialUpdate":false,"showSkybox":true,"showFlares":true,"showImageEffects":true,"showParticleSystems":true},"in2DMode":false,"pivot":{"x":-2.0697860717773439,"y":-8.57565689086914,"z":37.86549758911133},"rotation":{"x":-0.1276812106370926,"y":-0.6415485143661499,"z":0.10934417694807053,"w":-0.7484937906265259},"size":35.80488967895508,"orthographic":false}