{"cameraMode":{"drawMode":0,"name":"Shaded","section":"Shading Mode"},"sceneLighting":false,"audioPlay":false,"sceneViewState":{"showFog":true,"showMaterialUpdate":false,"showSkybox":false,"showFlares":true,"showImageEffects":true,"showParticleSystems":true},"in2DMode":false,"pivot":{"x":-0.7732257843017578,"y":0.13439586758613587,"z":2.1416146755218508},"rotation":{"x":-0.0019238342065364123,"y":0.9980143904685974,"z":-0.03625543788075447,"w":-0.05301402509212494},"size":1.628830909729004,"orthographic":false}