{"cameraMode":{"drawMode":0,"name":"Shaded","section":"Shading Mode"},"sceneLighting":false,"audioPlay":false,"sceneViewState":{"showFog":true,"showMaterialUpdate":false,"showSkybox":false,"showFlares":true,"showImageEffects":true,"showParticleSystems":true},"in2DMode":false,"pivot":{"x":-0.103234201669693,"y":1.1214704513549805,"z":2.523012161254883},"rotation":{"x":-0.027320971712470056,"y":0.9520272612571716,"z":-0.29170021414756777,"w":-0.08936220407485962},"size":1.6347546577453614,"orthographic":false}