{"cameraMode":{"drawMode":0,"name":"Shaded","section":"Shading Mode"},"sceneLighting":false,"audioPlay":false,"sceneViewState":{"showFog":true,"showMaterialUpdate":false,"showSkybox":false,"showFlares":true,"showImageEffects":true,"showParticleSystems":true},"in2DMode":false,"pivot":{"x":-3.725290298461914e-8,"y":0.16684795916080476,"z":0.32270365953445437},"rotation":{"x":-0.1799163520336151,"y":-0.691238284111023,"z":0.1841816008090973,"w":-0.6752498149871826},"size":1.894626498222351,"orthographic":false}