{"cameraMode":{"drawMode":0,"name":"Shaded","section":"Shading Mode"},"sceneLighting":false,"audioPlay":false,"sceneViewState":{"showFog":true,"showMaterialUpdate":false,"showSkybox":false,"showFlares":true,"showImageEffects":true,"showParticleSystems":true},"in2DMode":false,"pivot":{"x":0.6210654973983765,"y":-0.30150818824768069,"z":1.5312304496765137},"rotation":{"x":0.08989904075860977,"y":0.9094676375389099,"z":-0.3057413399219513,"w":0.2673622667789459},"size":3.2603213787078859,"orthographic":false}