{"cameraMode":{"drawMode":0,"name":"Shaded","section":"Shading Mode"},"sceneLighting":false,"audioPlay":false,"sceneViewState":{"showFog":true,"showMaterialUpdate":false,"showSkybox":false,"showFlares":true,"showImageEffects":true,"showParticleSystems":true},"in2DMode":false,"pivot":{"x":-3.5,"y":3.0000009536743166,"z":10.999999046325684},"rotation":{"x":0.001592870568856597,"y":0.9883984923362732,"z":-0.018875764682888986,"w":0.15189780294895173},"size":10.682560920715332,"orthographic":true}