{"cameraMode":{"drawMode":0,"name":"Shaded","section":"Shading Mode"},"sceneLighting":false,"audioPlay":false,"sceneViewState":{"showFog":true,"showMaterialUpdate":false,"showSkybox":false,"showFlares":true,"showImageEffects":true,"showParticleSystems":true},"in2DMode":false,"pivot":{"x":0.12121593952178955,"y":0.0948183536529541,"z":1.7574505805969239},"rotation":{"x":-0.01378169097006321,"y":0.9720001220703125,"z":-0.22739489376544953,"w":-0.058947931975126269},"size":8.32950210571289,"orthographic":false}