{"cameraMode":{"drawMode":0,"name":"Shaded","section":"Shading Mode"},"sceneLighting":true,"audioPlay":false,"sceneViewState":{"showFog":true,"showMaterialUpdate":false,"showSkybox":true,"showFlares":true,"showImageEffects":true,"showParticleSystems":true},"in2DMode":false,"pivot":{"x":8.29145622253418,"y":-2.501641273498535,"z":-3.311748504638672},"rotation":{"x":-0.04303097352385521,"y":0.9454227089881897,"z":-0.2912208139896393,"w":-0.13969625532627107},"size":39.339942932128909,"orthographic":false}