{"cameraMode":{"drawMode":0,"name":"Shaded","section":"Shading Mode"},"sceneLighting":false,"audioPlay":false,"sceneViewState":{"showFog":true,"showMaterialUpdate":false,"showSkybox":false,"showFlares":true,"showImageEffects":true,"showParticleSystems":true},"in2DMode":false,"pivot":{"x":418.9609375,"y":220.57516479492188,"z":-12.458282470703125},"rotation":{"x":-0.08398403227329254,"y":0.9126883149147034,"z":-0.3206040859222412,"w":-0.23908402025699616},"size":268.6005554199219,"orthographic":false}